_idPce;Pmo;DesignationPmo;QtDispPmo
1;Z0870-066-050;SUPPORT SORTIE TUBE DE PRODUIT;1
2;BF-CL1;CLEANER - SPRAY BOTTLE;0
3;BLKITTHE1;KIT DEGUST. THE BLUE 50 CAPS;35
4;BLKITTHE2;KIT DEGUST. THE BLUE 60 CAPS;741
5;BLKITTHE3;KIT DEGUST. THE BLUE 70 CAPS;11
6;BLKITTHE90;KIT DEGUST. THE BLUE 80 CAPS;11
7;BLKITTHE95;KIT DEGUST. THE BLUE 90 CAPS;22
8;BLKITTHE96;KIT DEGUST. THE BLUE 100 CAPS;44
9;ZA-0870-066-050;PMO1265;778
10;ZA-0870-066-051;PMO1266;23
11;ZA-0870-066-052;PMO1267;24
12;ZA-0870-066-053;PMO1268;25
13;ZA-0870-066-054;PMO1269;0
14;ZA-0870-066-055;PMO1270;27
15;ZA-0870-066-056;PMO1271;28
16;ZA-0870-066-057;PMO1272;29
17;ZA-0870-066-058;PMO1273;30
18;ZA-0870-066-059;PMO1274;0
19;ZA-0870-066-060;PMO1275;32
20;CNT-CC100;CONTI CC100 2GR;33
21;CNT-CC101;CONTI CC200 2GR;34
22;CNT-CC102;CONTI CC300 2GR;35
23;CNT-CC103;CONTI CC400 2GR;36
24;CNT-CC104;CONTI CC500 2GR;37
25;Z0500-066-051;SUPPORT SORTIE TUBE DE PRODUIT;38
26;BF-CZ1;CLEANER - SPRAY BOTTLE;39
27;BF-CZ2;CLEANER - SPRAY BOTTLE;40
28;BF-CZ3;CLEANER - SPRAY BOTTLE;41
29;BF-CZ4;CLEANER - SPRAY BOTTLE;42
30;Z0870-066-050;SUPPORT SORTIE TUBE DE PRODUIT;43
31;BF-CL2;CLEANER - SPRAY BOTTLE;44
32;BLKITTHE;KIT DEGUST. THE BLUE 50 CAPS;45
33;Z0870-066-052;SUPPORT SORTIE TUBE DE PRODUIT;46
34;BF-CL3;CLEANER - SPRAY BOTTLE;47
35;BLKITTHE97;KIT DEGUST. THE BLUE 50 CAPS;48
36;BLKITTHE98;KIT DEGUST. THE BLUE 60 CAPS;0
37;BLKITTHE99;KIT DEGUST. THE BLUE 70 CAPS;50
38;BLKITTHE10;KIT DEGUST. THE BLUE 80 CAPS;51
39;BLKITTHE11;KIT DEGUST. THE BLUE 90 CAPS;52
40;BLKITTHE12;KIT DEGUST. THE BLUE 100 CAPS;53
41;ZA-0870-066-061;PMO1265;54
42;ZA-0870-066-062;PMO1266;55
43;ZA-0870-066-063;PMO1267;56
44;ZA-0870-066-064;PMO1268;57
45;ZA-0870-066-065;PMO1269;58
46;ZA-0870-066-066;PMO1270;59
47;ZA-0870-066-067;PMO1271;0
48;ZA-0870-066-068;PMO1272;61
49;ZA-0870-066-069;PMO1273;62
50;ZA-0870-066-070;PMO1274;63
51;ZA-0870-066-071;PMO1275;64
52;CNT-CC100;CONTI CC100 2GR;65
53;CNT-CC101;CONTI CC200 2GR;66
54;CNT-CC102;CONTI CC300 2GR;67
55;CNT-CC103;CONTI CC400 2GR;68
56;CNT-CC104;CONTI CC500 2GR;69
57;Z0500-066-050;SUPPORT SORTIE TUBE DE PRODUIT;70
58;BF-CZ1;CLEANER - SPRAY BOTTLE;71
59;BF-CZ2;CLEANER - SPRAY BOTTLE;72
60;BF-CZ3;CLEANER - SPRAY BOTTLE;73
61;BF-CZ4;CLEANER - SPRAY BOTTLE;74
62;Z0870-066-053;SUPPORT SORTIE TUBE DE PRODUIT;75
63;BF-CL4;CLEANER - SPRAY BOTTLE;76
64;BLKITTHE;KIT DEGUST. THE BLUE 50 CAPS;77
65;Z0870-066-054;SUPPORT SORTIE TUBE DE PRODUIT;78
66;BF-CL5;CLEANER - SPRAY BOTTLE;79
67;BLKITTHE13;KIT DEGUST. THE BLUE 50 CAPS;80
68;BLKITTHE14;KIT DEGUST. THE BLUE 60 CAPS;81
69;BLKITTHE15;KIT DEGUST. THE BLUE 70 CAPS;82
70;BLKITTHE16;KIT DEGUST. THE BLUE 80 CAPS;83
71;BLKITTHE17;KIT DEGUST. THE BLUE 90 CAPS;84
72;BLKITTHE18;KIT DEGUST. THE BLUE 100 CAPS;85
73;ZA-0870-066-072;PMO1265;86
74;ZA-0870-066-073;PMO1266;87
75;ZA-0870-066-074;PMO1267;88
76;ZA-0870-066-075;PMO1268;89
77;ZA-0870-066-076;PMO1269;90
78;ZA-0870-066-077;PMO1270;91
79;ZA-0870-066-078;PMO1271;92
80;ZA-0870-066-079;PMO1272;93
81;ZA-0870-066-080;PMO1273;94
82;ZA-0870-066-081;PMO1274;95
83;ZA-0870-066-082;PMO1275;96
84;CNT-CC100;CONTI CC100 2GR;97
85;CNT-CC101;CONTI CC200 2GR;98
86;CNT-CC102;CONTI CC300 2GR;99
87;CNT-CC103;CONTI CC400 2GR;100
88;CNT-CC104;CONTI CC500 2GR;101
89;Z0500-066-050;SUPPORT SORTIE TUBE DE PRODUIT;102
90;BF-CZ1;CLEANER - SPRAY BOTTLE;103
91;BF-CZ2;CLEANER - SPRAY BOTTLE;104
92;BF-CZ3;CLEANER - SPRAY BOTTLE;105
93;BF-CZ4;CLEANER - SPRAY BOTTLE;106
94;Z0870-066-055;SUPPORT SORTIE TUBE DE PRODUIT;107
95;BF-CL2;CLEANER - SPRAY BOTTLE;108
96;BLKITTHE;KIT DEGUST. THE BLUE 50 CAPS;109
97;Z0870-066-056;SUPPORT SORTIE TUBE DE PRODUIT;110
98;BF-CL3;CLEANER - SPRAY BOTTLE;111
99;BLKITTHE19;KIT DEGUST. THE BLUE 50 CAPS;112
100;BLKITTHE20;KIT DEGUST. THE BLUE 60 CAPS;113
101;BLKITTHE21;KIT DEGUST. THE BLUE 70 CAPS;114
102;BLKITTHE22;KIT DEGUST. THE BLUE 80 CAPS;115
103;BLKITTHE23;KIT DEGUST. THE BLUE 90 CAPS;116
104;BLKITTHE24;KIT DEGUST. THE BLUE 100 CAPS;117
105;ZA-0870-066-083;PMO1265;118
106;ZA-0870-066-084;PMO1266;119
107;ZA-0870-066-085;PMO1267;120
108;ZA-0870-066-086;PMO1268;121
109;ZA-0870-066-087;PMO1269;122
110;ZA-0870-066-088;PMO1270;123
111;ZA-0870-066-089;PMO1271;124
112;ZA-0870-066-090;PMO1272;125
113;ZA-0870-066-091;PMO1273;126
114;ZA-0870-066-092;PMO1274;127
115;ZA-0870-066-093;PMO1275;128
116;CNT-CC100;CONTI CC100 2GR;129
117;CNT-CC101;CONTI CC200 2GR;130
118;CNT-CC102;CONTI CC300 2GR;131
119;CNT-CC103;CONTI CC400 2GR;132
120;CNT-CC104;CONTI CC500 2GR;133
121;Z0500-066-050;SUPPORT SORTIE TUBE DE PRODUIT;134
122;BF-CZ1;CLEANER - SPRAY BOTTLE;135
123;BF-CZ2;CLEANER - SPRAY BOTTLE;136
124;BF-CZ3;CLEANER - SPRAY BOTTLE;137
125;BF-CZ4;CLEANER - SPRAY BOTTLE;138
126;Z0870-066-057;SUPPORT SORTIE TUBE DE PRODUIT;139
127;BF-CL4;CLEANER - SPRAY BOTTLE;140
128;BLKITTHE;KIT DEGUST. THE BLUE 50 CAPS;141
129;Z0870-066-058;SUPPORT SORTIE TUBE DE PRODUIT;142
130;BF-CL5;CLEANER - SPRAY BOTTLE;143
131;BLKITTHE25;KIT DEGUST. THE BLUE 50 CAPS;144
132;BLKITTHE26;KIT DEGUST. THE BLUE 60 CAPS;145
133;BLKITTHE27;KIT DEGUST. THE BLUE 70 CAPS;146
134;BLKITTHE28;KIT DEGUST. THE BLUE 80 CAPS;147
135;BLKITTHE29;KIT DEGUST. THE BLUE 90 CAPS;148
136;BLKITTHE30;KIT DEGUST. THE BLUE 100 CAPS;149
137;ZA-0870-066-094;PMO1265;150
138;ZA-0870-066-095;PMO1266;151
139;ZA-0870-066-096;PMO1267;152
140;ZA-0870-066-097;PMO1268;153
141;ZA-0870-066-098;PMO1269;154
142;ZA-0870-066-099;PMO1270;155
143;ZA-0870-066-100;PMO1271;156
144;ZA-0870-066-101;PMO1272;157
145;ZA-0870-066-102;PMO1273;158
146;ZA-0870-066-103;PMO1274;159
147;ZA-0870-066-104;PMO1275;160
148;CNT-CC100;CONTI CC100 2GR;161
149;CNT-CC101;CONTI CC200 2GR;162
150;CNT-CC102;CONTI CC300 2GR;163
151;CNT-CC103;CONTI CC400 2GR;164
152;CNT-CC104;CONTI CC500 2GR;165
153;Z0500-066-050;SUPPORT SORTIE TUBE DE PRODUIT;166
154;BF-CZ1;CLEANER - SPRAY BOTTLE;167
155;BF-CZ2;CLEANER - SPRAY BOTTLE;168
156;BF-CZ3;CLEANER - SPRAY BOTTLE;169
157;BF-CZ4;CLEANER - SPRAY BOTTLE;170
158;Z0870-066-050;SUPPORT SORTIE TUBE DE PRODUIT;171
159;BF-CL6;CLEANER - SPRAY BOTTLE;172
160;BLKITTHE;KIT DEGUST. THE BLUE 50 CAPS;173
161;Z0870-066-059;SUPPORT SORTIE TUBE DE PRODUIT;174
162;BF-CL7;CLEANER - SPRAY BOTTLE;175
163;BLKITTHE31;KIT DEGUST. THE BLUE 50 CAPS;176
164;BLKITTHE32;KIT DEGUST. THE BLUE 60 CAPS;177
165;BLKITTHE33;KIT DEGUST. THE BLUE 70 CAPS;178
166;BLKITTHE34;KIT DEGUST. THE BLUE 80 CAPS;179
167;BLKITTHE35;KIT DEGUST. THE BLUE 90 CAPS;180
168;BLKITTHE36;KIT DEGUST. THE BLUE 100 CAPS;181
169;ZA-0870-066-105;PMO1265;182
170;ZA-0870-066-106;PMO1266;183
171;ZA-0870-066-107;PMO1267;184
172;ZA-0870-066-108;PMO1268;185
173;ZA-0870-066-109;PMO1269;186
174;ZA-0870-066-110;PMO1270;187
175;ZA-0870-066-111;PMO1271;188
176;ZA-0870-066-112;PMO1272;189
177;ZA-0870-066-113;PMO1273;190
178;ZA-0870-066-114;PMO1274;191
179;ZA-0870-066-115;PMO1275;192
180;CNT-CC100;CONTI CC100 2GR;193
181;CNT-CC101;CONTI CC200 2GR;194
182;CNT-CC102;CONTI CC300 2GR;195
183;CNT-CC103;CONTI CC400 2GR;196
184;CNT-CC104;CONTI CC500 2GR;197
185;Z0500-066-050;SUPPORT SORTIE TUBE DE PRODUIT;198
186;BF-CZ1;CLEANER - SPRAY BOTTLE;199
187;BF-CZ2;CLEANER - SPRAY BOTTLE;200
188;BF-CZ3;CLEANER - SPRAY BOTTLE;201
189;BF-CZ4;CLEANER - SPRAY BOTTLE;202
190;Z0870-066-060;SUPPORT SORTIE TUBE DE PRODUIT;203
191;BF-CL8;CLEANER - SPRAY BOTTLE;204
192;BLKITTHE;KIT DEGUST. THE BLUE 50 CAPS;205
193;Z0870-066-061;SUPPORT SORTIE TUBE DE PRODUIT;206
194;BF-CL9;CLEANER - SPRAY BOTTLE;207
195;BLKITTHE37;KIT DEGUST. THE BLUE 50 CAPS;208
196;BLKITTHE38;KIT DEGUST. THE BLUE 60 CAPS;209
197;BLKITTHE39;KIT DEGUST. THE BLUE 70 CAPS;210
198;BLKITTHE40;KIT DEGUST. THE BLUE 80 CAPS;211
199;BLKITTHE41;KIT DEGUST. THE BLUE 90 CAPS;212
200;BLKITTHE42;KIT DEGUST. THE BLUE 100 CAPS;213
201;ZA-0870-066-116;PMO1265;214
202;ZA-0870-066-117;PMO1266;215
203;ZA-0870-066-118;PMO1267;216
204;ZA-0870-066-119;PMO1268;217
205;ZA-0870-066-120;PMO1269;218
206;ZA-0870-066-121;PMO1270;219
207;ZA-0870-066-122;PMO1271;220
208;ZA-0870-066-123;PMO1272;221
209;ZA-0870-066-124;PMO1273;222
210;ZA-0870-066-125;PMO1274;223
211;ZA-0870-066-126;PMO1275;224
212;CNT-CC100;CONTI CC100 2GR;225
213;CNT-CC101;CONTI CC200 2GR;226
214;CNT-CC102;CONTI CC300 2GR;227
215;CNT-CC103;CONTI CC400 2GR;228
216;CNT-CC104;CONTI CC500 2GR;229
217;Z0500-066-050;SUPPORT SORTIE TUBE DE PRODUIT;230
218;BF-CZ1;CLEANER - SPRAY BOTTLE;233
